Workbook

Sheet 人物卡
B2: 概念段 | AG2: 空白卡作者 | AJ2: 不咕鸟 | AO2: 联系方式 | AR2: QQ：1724745789
B3: 姓名 | D3: 望云 | G3: 性别 | I3: 男 | L3: 我出生在修仙世家，自幼因先天道体而被收入太玄门，天赋惊人，以雷法练气，因灵气逐渐凋零，而无法筑基，特此寻找其他方法 | Y3: 人物立绘
B4: 年龄 | D4: 16 | G4: 身高/体重 | I4: 184/65 | AG4: 更新记录
B5: 种族/国籍 | D5: 人 | G5: 语言 | I5: 通用语 | AG5: 1.1 | AH5: 增加了装备位，增加了检定预设中的其他加值来源
B6: 住址 | D6: 中国
B7: 外貌特征 | D7: 飘逸黑发，瘦高帅哥 | AG7: 1.2 | AH7: 增加了三豁免和特殊防御效果，补充了攻击预设中的附加成功
AG9: 1.3 | AH9: 增加了专长段，为部分区域增加了自动换行
B10: 性格个性 | D10: 冷酷谨慎机智
AG11: 1.4 | AH11: 将意志力和能量池单独提出来
AG13: 1.5 | AH13: 移除了检定预设，增加书签、天赋、缺陷和怪癖，增加了属性的完美加值
B14: 属性段 | AB14: 核算
C15: 属性 | E15: 属性总值 | G15: 检定总值 | I15: 传奇 | K15: 基础 | M15: 建卡 | O15: 购买 | Q15: 内在 | S15: 修行 | U15: 其他 | W15: 完美 | Y15: 检定加值 | AB15: 总属性点 | AD15: =SUM(M16:N24)+COUNTIF(M16:N24,5)-18 -> 12 | AG15: 1.6 | AH15: 修订了体型调整值的错误，增加了主动技能和其他文本信息的位置
B16: 生理 | C16: 力量 | E16: =SUM(K16,Q16:X16) -> 2 | G16: =SUM(E16,Y16) -> 2 | I16: =INT((E16-1)/5) -> 0 | K16: =SUM(M16:P16) -> 2 | M16: 2 | AB16: 总技能点 | AD16: =SUM(L28:M77)+COUNTIF(L28:M77,4)+2*COUNTIF(L28:M77,5) -> 20
C17: 敏捷 | E17: =SUM(K17,Q17:X17) -> 3 | G17: =SUM(E17,Y17) -> 3 | I17: =INT((E17-1)/5) -> 0 | K17: =SUM(M17:P17) -> 3 | M17: 3 | AB17: 总专长点 | AD17: =SUM(专长和其他文本信息!B4:C150) -> 0 | AG17: 1.7 | AH17: 修订了部分错误，修订了核算，令其更便于理解，增加了范围豁免
C18: 耐力 | E18: =SUM(K18,Q18:X18) -> 4 | G18: =SUM(E18,Y18) -> 4 | I18: =INT((E18-1)/5) -> 0 | K18: =SUM(M18:P18) -> 4 | M18: 4 | AB18: 属性点应为12
B19: 心智 | C19: 智力 | E19: =SUM(K19,Q19:X19) -> 4 | G19: =SUM(E19,Y19) -> 4 | I19: =INT((E19-1)/5) -> 0 | K19: =SUM(M19:P19) -> 4 | M19: 4 | AB19: 技能点应为20，若有特殊身份（2），技能点为22。 | AG19: 1.8 | AH19: 增加了专长名称，为技能部分重新排版，新增了装备负重计算
C20: 感知 | E20: =SUM(K20,Q20:X20) -> 5 | G20: =SUM(E20,Y20) -> 5 | I20: =INT((E20-1)/5) -> 0 | K20: =SUM(M20:P20) -> 4 | M20: 4 | S20: 1
C21: 决心 | E21: =SUM(K21,Q21:X21) -> 4 | G21: =SUM(E21,Y21) -> 4 | I21: =INT((E21-1)/5) -> 0 | K21: =SUM(M21:P21) -> 4 | M21: 4 | AG21: 1.9 | AH21: 属性段修订，将建卡属性与直接购买的属性分开，新增了防御总和。
B22: 互动 | C22: 风度 | E22: =SUM(K22,Q22:X22) -> 5 | G22: =SUM(E22,Y22) -> 5 | I22: =INT((E22-1)/5) -> 0 | K22: =SUM(M22:P22) -> 4 | M22: 4 | S22: 1
C23: 操控 | E23: =SUM(K23,Q23:X23) -> 2 | G23: =SUM(E23,Y23) -> 2 | I23: =INT((E23-1)/5) -> 0 | K23: =SUM(M23:P23) -> 2 | M23: 2 | AB23: 专长点应为15 | AG23: 1.1 | AH23: 新增常用检定，重写了能量池和刻度部分，重写了书签整备和主动技能。
C24: 沉着 | E24: =SUM(K24,Q24:X24) -> 3 | G24: =SUM(E24,Y24) -> 3 | I24: =INT((E24-1)/5) -> 0 | K24: =SUM(M24:P24) -> 3 | M24: 3 | AB24: 仅供参考
B26: 技能段
D27: 技能 | F27: 技能总值 | H27: 检定总值 | J27: 附加成功 | L27: 建卡 | N27: 检定加值 | P27: 专业 | V27: 升级来源 | X27: 升级来源 | Z27: 升级来源 | AB27: 升级来源 | AD27: 升级来源 | AF27: 升级来源 | AH27: 升级来源 | AJ27: 升级来源
B28: 生 理 | D28: 运动 | F28: =L28+COUNTA(V28:AK29) -> 2 | H28: =F28+N28 -> 2 | J28: =IF(F28>=5,INT((F28-3)/2),0) -> 0 | L28: 2
D30: 肉搏 | F30: =L30+COUNTA(V30:AK31) -> 0 | H30: =F30+N30 -> 0 | J30: =IF(F30>=5,INT((F30-3)/2),0) -> 0
D32: 驾驶 | F32: =L32+COUNTA(V32:AK33) -> 1 | H32: =F32+N32 -> 1 | J32: =IF(F32>=5,INT((F32-3)/2),0) -> 0 | L32: 1
D34: 枪械 | F34: =L34+COUNTA(V34:AK35) -> 0 | H34: =F34+N34 -> 0 | J34: =IF(F34>=5,INT((F34-3)/2),0) -> 0
D36: 手上功夫 | F36: =L36+COUNTA(V36:AK37) -> 0 | H36: =F36+N36 -> 0 | J36: =IF(F36>=5,INT((F36-3)/2),0) -> 0
D38: 隐藏 | F38: =L38+COUNTA(V38:AK39) -> 1 | H38: =F38+N38 -> 1 | J38: =IF(F38>=5,INT((F38-3)/2),0) -> 0 | L38: 1
D40: 求生 | F40: =L40+COUNTA(V40:AK41) -> 0 | H40: =F40+N40 -> 0 | J40: =IF(F40>=5,INT((F40-3)/2),0) -> 0
D42: 白刃 | F42: =L42+COUNTA(V42:AK43) -> 2 | H42: =F42+N42 -> 2 | J42: =IF(F42>=5,INT((F42-3)/2),0) -> 0 | L42: 2
B44: 心 智 | D44: 学识 | F44: =L44+COUNTA(V44:AK45) -> 1 | H44: =F44+N44 -> 1 | J44: =IF(F44>=5,INT((F44-3)/2),0) -> 0 | L44: 1
D46: 电脑 | F46: =L46+COUNTA(V46:AK47) -> 0 | H46: =F46+N46 -> 0 | J46: =IF(F46>=5,INT((F46-3)/2),0) -> 0
D48: 调查 | F48: =L48+COUNTA(V48:AK49) -> 0 | H48: =F48+N48 -> 0 | J48: =IF(F48>=5,INT((F48-3)/2),0) -> 0
D50: 医学 | F50: =L50+COUNTA(V50:AK51) -> 0 | H50: =F50+N50 -> 0 | J50: =IF(F50>=5,INT((F50-3)/2),0) -> 0
D52: 神秘学 | F52: =L52+COUNTA(V52:AK53) -> 4 | H52: =F52+N52 -> 4 | J52: =IF(F52>=5,INT((F52-3)/2),0) -> 0 | L52: 4
D54: 科学 | F54: =L54+COUNTA(V54:AK55) -> 2 | H54: =F54+N54 -> 2 | J54: =IF(F54>=5,INT((F54-3)/2),0) -> 0 | L54: 2
D56: 手艺 | F56: =L56+COUNTA(V56:AK57) -> 0 | H56: =F56+N56 -> 0 | J56: =IF(F56>=5,INT((F56-3)/2),0) -> 0
D58: 手艺 | F58: =L58+COUNTA(V58:AK59) -> 0 | H58: =F58+N58 -> 0 | J58: =IF(F58>=5,INT((F58-3)/2),0) -> 0
B60: 互 动 | D60: 动物沟通 | F60: =L60+COUNTA(V60:AK61) -> 0 | H60: =F60+N60 -> 0 | J60: =IF(F60>=5,INT((F60-3)/2),0) -> 0
D62: 感受 | F62: =L62+COUNTA(V62:AK63) -> 2 | H62: =F62+N62 -> 2 | J62: =IF(F62>=5,INT((F62-3)/2),0) -> 0 | L62: 2
D64: 胁迫 | F64: =L64+COUNTA(V64:AK65) -> 0 | H64: =F64+N64 -> 0 | J64: =IF(F64>=5,INT((F64-3)/2),0) -> 0
D66: 交际 | F66: =L66+COUNTA(V66:AK67) -> 2 | H66: =F66+N66 -> 2 | J66: =IF(F66>=5,INT((F66-3)/2),0) -> 0 | L66: 2
D68: 掩饰 | F68: =L68+COUNTA(V68:AK69) -> 0 | H68: =F68+N68 -> 0 | J68: =IF(F68>=5,INT((F68-3)/2),0) -> 0
D70: 表达 | F70: =L70+COUNTA(V70:AK71) -> 2 | H70: =F70+N70 -> 2 | J70: =IF(F70>=5,INT((F70-3)/2),0) -> 0 | L70: 2
D72: 表达 | F72: =L72+COUNTA(V72:AK73) -> 0 | H72: =F72+N72 -> 0 | J72: =IF(F72>=5,INT((F72-3)/2),0) -> 0
B74: 其 他 | D74: 其他 | F74: =L74+COUNTA(V74:AK75) -> 0 | H74: =F74+N74 -> 0 | J74: =IF(F74>=5,INT((F74-3)/2),0) -> 0
D76: 其他 | F76: =L76+COUNTA(V76:AK77) -> 0 | H76: =F76+N76 -> 0 | J76: =IF(F76>=5,INT((F76-3)/2),0) -> 0
B79: 衍生属性
B80: 基础速度 | D80: 总值 | F80: 体型调整 | H80: 力量 | J80: 敏捷 | L80: 其他 | N80: 其他 | P80: 其他 | R80: 其他 | T80: 其他 | V80: 其他 | X80: 其他 | Z80: 其他 | AB80: 其他 | AD80: 其他 | AF80: 其他 | AH80: 其他 | AJ80: 其他 | AM80: 注：上方文字为增加值的来源，下方的数值为具体要加上的数值。
D81: =SUM(F81:AK81) -> 10 | F81: =IF(D92="超微型",0,IF(D92="微型",1,IF(D92="小型",2,IF(D92="中型",5,IF(D92="大型",5,IF(D92="超大型",8,IF(D92="巨型",12,16))))))) -> 5 | H81: =E16 -> 2 | J81: =E17 -> 3
B82: 先攻 | D82: 总值 | F82: 敏捷 | H82: 沉着 | J82: 传奇沉着 | L82: 其他 | N82: 其他 | P82: 其他 | R82: 其他 | T82: 其他 | V82: 其他 | X82: 其他 | Z82: 其他 | AB82: 其他 | AD82: 其他 | AF82: 其他 | AH82: 其他 | AJ82: 其他
D83: =SUM(F83:AK83) -> 6 | F83: =E17 -> 3 | H83: =E24 -> 3 | J83: =I24*3 -> 0
B84: 敏感范围 | D84: 总值 | F84: 感知 | H84: 传奇感知 | J84: 其他 | L84: 其他 | N84: 其他 | P84: 其他 | R84: 其他 | T84: 其他 | V84: 其他 | X84: 其他 | Z84: 其他 | AB84: 其他 | AD84: 其他 | AF84: 其他 | AH84: 其他 | AJ84: 其他
D85: =SUM(F85:AK85) -> 50 | F85: =E20*10 -> 50 | H85: =I20*20 -> 0
B86: 意志力池 | D86: 总值 | F86: 决心 | H86: 沉着 | J86: 传奇决心 | L86: 传奇沉着 | N86: 其他 | P86: 其他 | R86: 其他 | T86: 其他 | V86: 其他 | X86: 其他 | Z86: 其他 | AB86: 其他 | AD86: 其他 | AF86: 其他 | AH86: 其他 | AJ86: 其他
D87: =SUM(F87:AK87) -> 7 | F87: =E21 -> 4 | H87: =E24 -> 3 | J87: =I21*3 -> 0 | L87: =I24*3 -> 0
B88: 生命上限 | D88: 总值 | F88: 体型调整 | H88: 耐力 | J88: 传奇耐力 | L88: 其他 | N88: 其他 | P88: 其他 | R88: 其他 | T88: 其他 | V88: 其他 | X88: 其他 | Z88: 其他 | AB88: 其他 | AD88: 其他 | AF88: 其他 | AH88: 其他 | AJ88: 其他
D89: =SUM(F89:AK89) -> 9 | F89: =IF(D92="超微型",0,IF(D92="微型",1,IF(D92="小型",2,IF(D92="中型",5,IF(D92="大型",10,IF(D92="超大型",17,IF(D92="巨型",26,37))))))) -> 5 | H89: =E18 -> 4 | J89: =I18*(I18+1)/2 -> 0
B90: 触及 | D90: 总值 | F90: 体型调整 | H90: 其他 | J90: 其他 | L90: 其他 | N90: 其他 | P90: 其他 | R90: 其他 | T90: 其他 | V90: 其他 | X90: 其他 | Z90: 其他 | AB90: 其他 | AD90: 其他 | AF90: 其他 | AH90: 其他 | AJ90: 其他
D91: =SUM(F91:AK91) -> 2 | F91: =IF(D92="超微型",0,IF(D92="微型",0,IF(D92="小型",2,IF(D92="中型",2,IF(D92="大型",2,IF(D92="超大型",4,IF(D92="巨型",6,8))))))) -> 2
B92: 体型 | D92: 中型 | F92: 体积 | J92: 陆行速度 | L92: =D81 -> 10 | N92: 飞行速度 | R92: 旅行速度 | V92: 模糊范围 | X92: =D85*10 -> 500 | Z92: 信仰导向 | AD92: 其他 | AH92: 其他
B95: 防御预设
B96: 基础防御 | D96: 总值 | F96: 敏捷/感知 | H96: 传奇敏捷 | J96: 传奇感知 | L96: 其他 | N96: 其他 | P96: 其他 | R96: 其他 | T96: 其他 | V96: 其他 | X96: 其他 | Z96: 其他 | AB96: 其他 | AD96: 其他 | AF96: 其他 | AH96: 其他 | AJ96: 其他
D97: =SUM(F97:AK97) -> 3 | F97: =MIN(E17,E20) -> 3 | H97: =I17 -> 0 | J97: =I20 -> 0
B98: 防御附加成功 | D98: 总值 | F98: 传奇敏捷 | H98: 传奇感知 | J98: 其他 | L98: 其他 | N98: 其他 | P98: 其他 | R98: 其他 | T98: 其他 | V98: 其他 | X98: 其他 | Z98: 其他 | AB98: 其他 | AD98: 其他 | AF98: 其他 | AH98: 其他 | AJ98: 其他
D99: =SUM(F99:AK99) -> 0 | F99: =I17 -> 0 | H99: =I20 -> 0
B100: 全力防御 | D100: 总值 | F100: 基础防御 | H100: 其他 | J100: 其他 | L100: 其他 | N100: 其他 | P100: 其他 | R100: 其他 | T100: 其他 | V100: 其他 | X100: 其他 | Z100: 其他 | AB100: 其他 | AD100: 其他 | AF100: 其他 | AH100: 其他 | AJ100: 其他
D101: =SUM(F101:AK101) -> 3 | F101: =D97 -> 3
B102: 白刃格挡 | D102: 总值 | F102: 白刃 | H102: 专业 | J102: 其他 | L102: 其他 | N102: 其他 | P102: 其他 | R102: 其他 | T102: 其他 | V102: 其他 | X102: 其他 | Z102: 其他 | AB102: 其他 | AD102: 其他 | AF102: 其他 | AH102: 其他 | AJ102: 其他
D103: =SUM(F103:AK103) -> 2 | F103: =F42 -> 2
B104: 盾牌防御 | D104: 总值 | F104: 盾牌 | H104: 其他 | J104: 其他 | L104: 其他 | N104: 其他 | P104: 其他 | R104: 其他 | T104: 其他 | V104: 其他 | X104: 其他 | Z104: 其他 | AB104: 其他 | AD104: 其他 | AF104: 其他 | AH104: 其他 | AJ104: 其他
D105: =SUM(F105:AK105) -> 0
B106: 肉搏格挡 | D106: 总值 | F106: 肉搏 | H106: 专业 | J106: 其他 | L106: 其他 | N106: 其他 | P106: 其他 | R106: 其他 | T106: 其他 | V106: 其他 | X106: 其他 | Z106: 其他 | AB106: 其他 | AD106: 其他 | AF106: 其他 | AH106: 其他 | AJ106: 其他
D107: =SUM(F107:AK107) -> 0 | F107: =F30 -> 0
B108: 闪避防御 | D108: 总值 | F108: 其他 | H108: 其他 | J108: 其他 | L108: 其他 | N108: 其他 | P108: 其他 | R108: 其他 | T108: 其他 | V108: 其他 | X108: 其他 | Z108: 其他 | AB108: 其他 | AD108: 其他 | AF108: 其他 | AH108: 其他 | AJ108: 其他
D109: =SUM(F109:AK109) -> 0
B110: 天生防御 | D110: 总值 | F110: 其他 | H110: 其他 | J110: 其他 | L110: 其他 | N110: 其他 | P110: 其他 | R110: 其他 | T110: 其他 | V110: 其他 | X110: 其他 | Z110: 其他 | AB110: 其他 | AD110: 其他 | AF110: 其他 | AH110: 其他 | AJ110: 其他
D111: =SUM(F111:AK111) -> 0
B112: 盔甲防御 | D112: 总值 | F112: 盔甲 | H112: 其他 | J112: 其他 | L112: 其他 | N112: 其他 | P112: 其他 | R112: 其他 | T112: 其他 | V112: 其他 | X112: 其他 | Z112: 其他 | AB112: 其他 | AD112: 其他 | AF112: 其他 | AH112: 其他 | AJ112: 其他
D113: =SUM(F113:AK113) -> 0
B114: 洞察防御 | D114: 总值 | F114: 其他 | H114: 其他 | J114: 其他 | L114: 其他 | N114: 其他 | P114: 其他 | R114: 其他 | T114: 其他 | V114: 其他 | X114: 其他 | Z114: 其他 | AB114: 其他 | AD114: 其他 | AF114: 其他 | AH114: 其他 | AJ114: 其他
D115: =SUM(F115:AK115) -> 0
B116: 偏斜防御 | D116: 总值 | F116: 其他 | H116: 其他 | J116: 其他 | L116: 其他 | N116: 其他 | P116: 其他 | R116: 其他 | T116: 其他 | V116: 其他 | X116: 其他 | Z116: 其他 | AB116: 其他 | AD116: 其他 | AF116: 其他 | AH116: 其他 | AJ116: 其他
D117: =SUM(F117:AK117) -> 0
B118: 其他防御 | D118: 总值 | F118: 其他 | H118: 其他 | J118: 其他 | L118: 其他 | N118: 其他 | P118: 其他 | R118: 其他 | T118: 其他 | V118: 其他 | X118: 其他 | Z118: 其他 | AB118: 其他 | AD118: 其他 | AF118: 其他 | AH118: 其他 | AJ118: 其他
D119: =SUM(F119:AK119) -> 0
B120: 防御总和 | D120: 总值 | F120: 基础防御 | H120: 无 | J120: 盾牌防御 | L120: 闪避防御 | N120: 天生防御 | P120: 盔甲防御 | R120: 洞察防御 | T120: 偏斜防御 | V120: 其他防御 | X120: 其他 | Z120: 其他 | AB120: 其他 | AD120: 其他 | AF120: 其他 | AH120: 其他 | AJ120: 其他
D121: =SUM(F121:AK121) -> 3 | F121: =D97 -> 3 | H121: =IF(H120="白刃格挡",D103,IF(H120="肉搏格挡",D107,0)) -> 0 | J121: =IF(J120="盾牌防御",D105,0) -> 0 | L121: =IF(L120="闪避防御",D109,0) -> 0 | N121: =IF(N120="天生防御",D111,0) -> 0 | P121: =IF(P120="盔甲防御",D113,0) -> 0 | R121: =IF(R120="洞察防御",D115,0) -> 0 | T121: =IF(T120="偏斜防御",D117,0) -> 0 | V121: =IF(V120="其他防御",D119,0) -> 0
B123: 豁免
B124: 意志豁免 | D124: 总值 | F124: 决心 | H124: 感受 | J124: 专业 | L124: 传奇决心 | N124: 其他 | P124: 其他 | R124: 其他 | T124: 其他 | V124: 其他 | X124: 其他 | Z124: 其他 | AB124: 其他 | AD124: 其他 | AF124: 其他 | AH124: 其他 | AJ124: 其他
D125: =SUM(F125:AK125) -> 6 | F125: =G21 -> 4 | H125: =H62 -> 2 | L125: =I21*3 -> 0
D126: 总附加成功 | F126: 传奇决心 | H126: 感受附加 | J126: 其他 | L126: 其他 | N126: 其他 | P126: 其他 | R126: 其他 | T126: 其他 | V126: 其他 | X126: 其他 | Z126: 其他 | AB126: 其他 | AD126: 其他 | AF126: 其他 | AH126: 其他 | AJ126: 其他
D127: =SUM(F127:AK127) -> 0 | F127: =I21 -> 0 | H127: =J62 -> 0
B128: 反射豁免 | D128: 总值 | F128: 敏捷 | H128: 运动 | J128: 专业 | L128: 传奇敏捷 | N128: 其他 | P128: 其他 | R128: 其他 | T128: 其他 | V128: 其他 | X128: 其他 | Z128: 其他 | AB128: 其他 | AD128: 其他 | AF128: 其他 | AH128: 其他 | AJ128: 其他
D129: =SUM(F129:AK129) -> 5 | F129: =G17 -> 3 | H129: =H28 -> 2 | L129: =I17*3 -> 0
D130: 总附加成功 | F130: 传奇敏捷 | H130: 运动附加 | J130: 其他 | L130: 其他 | N130: 其他 | P130: 其他 | R130: 其他 | T130: 其他 | V130: 其他 | X130: 其他 | Z130: 其他 | AB130: 其他 | AD130: 其他 | AF130: 其他 | AH130: 其他 | AJ130: 其他
D131: =SUM(F131:AK131) -> 0 | F131: =I17 -> 0 | H131: =J28 -> 0
B132: 强韧豁免 | D132: 总值 | F132: 耐力 | H132: 求生 | J132: 专业 | L132: 传奇耐力 | N132: 其他 | P132: 其他 | R132: 其他 | T132: 其他 | V132: 其他 | X132: 其他 | Z132: 其他 | AB132: 其他 | AD132: 其他 | AF132: 其他 | AH132: 其他 | AJ132: 其他
D133: =SUM(F133:AK133) -> 4 | F133: =G18 -> 4 | H133: =H40 -> 0 | L133: =I18*3 -> 0
...

Sheet 专长和其他文本信息
B2: 专长段 | X2: 主干资源
B3: 专长等级 | D3: 专长名称 | F3: 专长内容（请将同一专长的不同等级分开填写） | X3: 血统 | AD3: 改造 | AJ3: 瞳术
B4: 、1 | D4: 、生命潜力 | F4: 、 1级：前提：需求耐力4，风度4。生命拥有进化的潜力，而你在他们之中也是最特别的那个。你在进行本能觉醒的开启检定时，检定结果增加1点。
X5: 魔导书 | AD5: 修炼体系 | AF5: 上清神霄感应雷法真传 | AJ5: 其他
X7: 其他 | AD7: 其他 | AJ7: 其他
X9: 称号 | AD9: 称号 | AJ9: 称号
X11: 流派 | AD11: 流派 | AJ11: 流派
X14: 被动特性
X15: 特性名 | Z15: 特性内容
X16: 上清神霄感应雷法真传 | Z16: 上清神霄感应雷法真传（下简称“上清雷法”）为轮回之境萃取修真宇宙观多种雷法，总合而成之雷法真传，藉由吞吐天地元气，淬炼道心，天人合一，超脱长生。 雷法乃总摄天地阴阳震荡之意。 【天道永恒，无善无恶，无常无非常，不可道，是名为道。修真界通常有三种因应态度。雷法修行代表的顺天而行，拳修代表的自身圆满，剑修代表的逆天而为。雷法修行者顺应天意，最终与天道合一，天道即为我心，随心所欲而不逾矩。拳修自身即成宇宙，自成体系，万法自足，求诸身内。剑修则逆天而行，斩破一切束缚，唯心为剑，劈空见性，逍遥快意。皆可长生久视，成造化主。】 =========================================================================================================== 兑换提示：雷电系修真，核心加强【雷】关键词的道术。 其兑换以“掌心雷”作为核心，几乎所有兑换全部围绕该技能作为强化，资源极其集中，效果也极其明显。 总体而言可玩性较强，作为一种特定的输出非常适合，而且画风满满。 重点是核心的兑换部分也不是很贵，可以在前期早早成形。 缺点其大部分的强化都是被动加强“掌心雷”，所以一旦“掌心雷”无法使用则兑换整体废掉，并且这些被动技能无法使用书签，所以自身资源非常集中。
X19: 上清雷法第一层 | Z19: 技能树：开启上清雷法D级技能树 能量池：真气 特殊：无 特性：雷修（双特性），天雷锻体 描述：修习雷法之人，有较高心性道德要求。在一般修真或东方古代世界中，雷法修行者被视为正派。在一般普世魔法世界中，雷法可能被视同为同级的神圣系魔法。 雷修：你获得相当于上清雷法支线等级的道术施法者职能，可以用来学习和施展通用道术，你获得道力能量池。 天雷锻体：你获得2点全能量抗力。
X22: 掌心雷 | Z22: 关键字：【雷】 专业：道术 威力值：2 价格：500 动作：标准动作 能耗： 成分：语言，姿势 射程：20米 目标：一个目标 范围：无 持续：立即 描述：掌心雷攻击声音很大，相当于雷声的程度，这意味着方圆百里范围内所有具备听力的目标都会听到你的攻击。 效果：你以道术施法检定进行一次远程攻击，该次远程攻击的武器伤害为本道术的道术威力值，造成雷电严重伤害。 研发：你可以花费9XP进行研发，研发后获得以下效果： 本道术能耗变为1点，威力值提升为2点，之后本道术可以如常升阶。 然后你的本次攻击获得2点附加成功，射程改为20米。
Z28: 口头禅 +2 XP 删除 战斗每轮1D10，出1则浪费迅捷动作。 想象力丰富 +2 XP 删除 任务未提5个建议，全检定-2DP。 晕车/船 +2 XP 删除 乘坐机械载具时获得5点不可叠加的恶心点数。短休消除。 上瘾 +2 XP 删除 上瘾速度快，发作周期减半，禁断症状豁免-6DP。 爱出风头 +2 XP 删除 唬骗/易容/躲藏-3DP，战斗中总是第一个站出来。 C. 缺陷与天赋 (FLAWS & TALENTS)
Z31: 空气朋友 LV.-2 +2 点 删除 所有人对你互动获2DP完美加值。 养啥死啥 LV.-1 +1 点 删除 非人宠物必死。 音痴 LV.-2 +2 点 删除 歌唱/演奏自动失败。 好奇心 LV.-1 +1 点 删除 不去探索未知则全检定-2DP。 机械白痴 LV.-4 +4 点 删除 使用科技物品D10判故障。
Z34: 夜视 -1 点 删除 获得黑暗视觉。 幸运 -1 点 删除 检定双判取高 (次数限制)。 快速康复 -1 点 删除 自然恢复速度翻倍。 灵感 -1 点 删除 直觉检定+5附加，首次免投。 战斗反射 -1 点 删除 措手不及仍可用反射动作。

Sheet 意志力与能量池
B2: 意志力
B3: 总上限 | D3: 其他需要记录的填这里
B4: =人物卡!D87 -> 7
B5: 总加值 | D5: 初始 | F5: 传奇风度 | H5: 来源 | J5: 来源 | L5: 来源 | N5: 来源 | P5: 来源 | R5: 来源 | T5: 来源 | V5: 来源 | X5: 来源 | Z5: 来源 | AB5: 来源 | AD5: 来源 | AF5: 来源 | AH5: 来源 | AJ5: 来源
B6: =SUM(D6:AK6) -> 3 | D6: 3 | F6: =人物卡!I22*2 -> 0
B7: 恢复方式 | D7: 每进行一次至少1小时的短休息（不能做其他行动），恢复1点意志力。 每进行至少8小时的长休息（不进行任何行动，而是用于睡眠之类），人物可以投掷1D10，这不是一次检定，恢复该投骰结果+传奇决心+传奇沉着/点意志力。
B9: 基础用法 | D9: 人物在进行一个行动时（无论回合外还是回合内），若该行动不是周期性行为且只需一次检定（包括并不限于攻击、技能判定、对抗、防御等）可以无需任何动作直接支付1点意志力，在该行动上获得3DP的完美加值，这种用法对一次行动只能使用一次。 或者人物在受到攻击时，可以支付1点意志力，针对该次攻击人物在防御上获得3点完美加值。 当人物因伤势过重而昏迷时，可以花费1点意志力使昏迷延后。若为战斗时，则每1点意志力可以使人物继续行动1轮，每轮结束时决定是否花费该意志力，若不花费，则该轮结束后立即昏迷。若为非战斗时，则每1点意志力可以使人物继续行动1分钟。在持续时间内，人物不会因为伤势过重而昏迷。
B16: 能量池
B17: 能量池名称 | D17: 能量池分类 | F17: 其他需要记录的填这里
B18: 道力 | D18: 魔幻本质
B19: 能量池上限 | D19: 来源 | F19: 来源 | H19: 来源 | J19: 来源 | L19: 来源 | N19: 来源 | P19: 来源 | R19: 来源 | T19: 来源 | V19: 来源 | X19: 来源 | Z19: 来源 | AB19: 来源 | AD19: 来源 | AF19: 来源 | AH19: 来源 | AJ19: 来源
B20: 10
B21: 恢复方式 | D21: 冥想4小时+1D6+传奇决心，短休1小时+1点
B23: 基础用法 | D23: ①掌心雷1点/次 ②雷铠1点/分钟
B30: 刻度
B31: 刻度名称 | D31: 刻度上限 | F31: 初始刻度 | H31: 其他需要记录的填这里
B32: 天雷蓄能 | D32: 3层
B33: 恢复方式 | D33: 每施放1次雷法+1层
B37: 基础用法 | D37: 满3层后，下次雷法附加成功+1
B44: 如果有多个能量池或刻度，则可以复制上述格式并在本页粘贴
C46: 能量池
C47: 能量池名称 | E47: 能量池分类 | G47: 其他需要记录的填这里
C48: 真气 | E48: 魔幻本质
C49: 能量池上限 | E49: 来源 | G49: 来源 | I49: 来源 | K49: 来源 | M49: 来源 | O49: 来源 | Q49: 来源 | S49: 来源 | U49: 来源 | W49: 来源 | Y49: 来源 | AA49: 来源 | AC49: 来源 | AE49: 来源 | AG49: 来源 | AI49: 来源 | AK49: 来源
C50: 9
C51: 恢复方式 | E51: 长休的时候自动回满，短休的时候可以打坐进行感知+决心检定，每有1点成功数可以恢复1点真气
C53: 基础用法 | E53: 当你进行三豁免检定时，花费1点真气，该检定获得1DP能量加值。对您而言: 这意味着您在进行意志豁免、反射豁免、强韧豁免时，可以消耗1点【真气】，让您的豁免检定投骰时多加1个骰子（1DP）"

Sheet 攻击预设
B2: 近战肉搏攻击：力量+肉搏技能等级+天生武器伤害值±相关调整值 | T2: 伤害上限为=力量+肉搏技能等级+天生武器伤害值
B3: 近战白刃攻击：力量+白刃技能等级+武器伤害值±相关调整值 | T3: 伤害上限为=力量+白刃技能等级+武器伤害值
B4: 轻武器投掷攻击：敏捷+运动技能等级+武器伤害±相关调整值 | T4: 伤害上限为=运动技能等级+武器伤害值*2
B5: 重武器投掷攻击：力量+运动技能等级+武器伤害±相关调整值 | T5: 伤害上限为=运动技能等级+武器伤害值*2
B6: 远程弓箭攻击：敏捷+运动技能等级+武器伤害±相关调整值 | T6: 伤害上限为=该武器的力量需求+运动技能等级+武器伤害*2
B7: 远程枪械攻击：敏捷+枪械技能等级+武器伤害±相关调整值 | T7: 伤害上限为=枪械技能等级+武器伤害*2
B8: 远程炮类攻击：智力+枪械技能等级+武器伤害±相关调整值 | T8: 伤害上限为=枪械技能等级+武器伤害*2
B10: 攻击方式： | E10: 掌心雷
B11: 总DP | D11: 属性 | F11: 技能 | H11: 武器 | J11: 专业 | L11: 其他 | N11: 其他 | P11: 其他 | R11: 其他 | T11: 其他 | V11: 其他 | X11: 其他 | Z11: 其他 | AB11: 其他 | AD11: 其他 | AF11: 其他 | AH11: 其他 | AJ11: 其他 | AL11: 其他 | AN11: 其他 | AP11: 其他 | AR11: 其他 | AT11: 其他 | AV11: 其他 | AX11: 其他
B12: 12
B13: 伤害上限 | D13: 属性 | F13: 技能 | H13: 武器 | J13: 其他 | L13: 其他 | N13: 其他 | P13: 其他 | R13: 其他 | T13: 其他 | V13: 其他 | X13: 其他 | Z13: 其他 | AB13: 其他 | AD13: 其他 | AF13: 其他 | AH13: 其他 | AJ13: 其他 | AL13: 其他 | AN13: 其他 | AP13: 其他 | AR13: 其他 | AT13: 其他 | AV13: 其他 | AX13: 其他
B14: 2
B15: 附加成功 | D15: 传奇属性 | F15: 技能附加 | H15: 其他 | J15: 其他 | L15: 其他 | N15: 其他 | P15: 其他 | R15: 其他 | T15: 其他 | V15: 其他 | X15: 其他 | Z15: 其他 | AB15: 其他 | AD15: 其他 | AF15: 其他 | AH15: 其他 | AJ15: 其他 | AL15: 其他 | AN15: 其他 | AP15: 其他 | AR15: 其他 | AT15: 其他 | AV15: 其他 | AX15: 其他
B16: =SUM(D16:AY16) -> 0
B17: 攻击特殊属性 | D17: 高速 | F17: 破甲 | H17: 破魔 | J17: 加骰 | L17: 其他关键词 | N17: 其他关键词 | P17: 其他关键词 | R17: 其他关键词 | T17: 其他关键词 | V17: 其他关键词 | X17: 其他关键词 | Z17: 其他关键词 | AB17: 其他关键词 | AD17: 其他关键词 | AF17: 其他关键词 | AH17: 其他关键词 | AJ17: 其他关键词 | AL17: 其他关键词 | AN17: 其他关键词 | AP17: 其他关键词 | AR17: 其他关键词 | AT17: 其他关键词 | AV17: 其他关键词 | AX17: 其他关键词
B19: 消耗 | D19: 意志力 | F19: 能量 | H19: 能量 | J19: 能量 | L19: 能量 | N19: 能量 | P19: 能量 | R19: 能量 | T19: 能量 | V19: 能量 | X19: 能量 | Z19: 能量 | AB19: 能量 | AD19: 能量 | AF19: 能量 | AH19: 能量 | AJ19: 能量 | AL19: 能量 | AN19: 能量 | AP19: 能量 | AR19: 能量 | AT19: 能量 | AV19: 能量 | AX19: 能量
D20: 0 | F20: 1
B21: 动作 | D21: 姿势 | F21: 射程 | H21: 20 | J21: 范围 | L21: 无
B22: 其他效果
B26: 攻击方式：
B27: 总DP | D27: 属性 | F27: 技能 | H27: 武器 | J27: 专业 | L27: 其他 | N27: 其他 | P27: 其他 | R27: 其他 | T27: 其他 | V27: 其他 | X27: 其他 | Z27: 其他 | AB27: 其他 | AD27: 其他 | AF27: 其他 | AH27: 其他 | AJ27: 其他 | AL27: 其他 | AN27: 其他 | AP27: 其他 | AR27: 其他 | AT27: 其他 | AV27: 其他 | AX27: 其他
B28: =SUM(D28:AY28) -> 0
B29: 伤害上限 | D29: 属性 | F29: 技能 | H29: 武器 | J29: 其他 | L29: 其他 | N29: 其他 | P29: 其他 | R29: 其他 | T29: 其他 | V29: 其他 | X29: 其他 | Z29: 其他 | AB29: 其他 | AD29: 其他 | AF29: 其他 | AH29: 其他 | AJ29: 其他 | AL29: 其他 | AN29: 其他 | AP29: 其他 | AR29: 其他 | AT29: 其他 | AV29: 其他 | AX29: 其他
B30: =SUM(D30:AY30) -> 0
B31: 附加成功 | D31: 传奇属性 | F31: 技能附加 | H31: 其他 | J31: 其他 | L31: 其他 | N31: 其他 | P31: 其他 | R31: 其他 | T31: 其他 | V31: 其他 | X31: 其他 | Z31: 其他 | AB31: 其他 | AD31: 其他 | AF31: 其他 | AH31: 其他 | AJ31: 其他 | AL31: 其他 | AN31: 其他 | AP31: 其他 | AR31: 其他 | AT31: 其他 | AV31: 其他 | AX31: 其他
B32: =SUM(D32:AY32) -> 0
B33: 攻击特殊属性 | D33: 高速 | F33: 破甲 | H33: 破魔 | J33: 加骰 | L33: 其他关键词 | N33: 其他关键词 | P33: 其他关键词 | R33: 其他关键词 | T33: 其他关键词 | V33: 其他关键词 | X33: 其他关键词 | Z33: 其他关键词 | AB33: 其他关键词 | AD33: 其他关键词 | AF33: 其他关键词 | AH33: 其他关键词 | AJ33: 其他关键词 | AL33: 其他关键词 | AN33: 其他关键词 | AP33: 其他关键词 | AR33: 其他关键词 | AT33: 其他关键词 | AV33: 其他关键词 | AX33: 其他关键词
B35: 消耗 | D35: 意志力 | F35: 能量 | H35: 能量 | J35: 能量 | L35: 能量 | N35: 能量 | P35: 能量 | R35: 能量 | T35: 能量 | V35: 能量 | X35: 能量 | Z35: 能量 | AB35: 能量 | AD35: 能量 | AF35: 能量 | AH35: 能量 | AJ35: 能量 | AL35: 能量 | AN35: 能量 | AP35: 能量 | AR35: 能量 | AT35: 能量 | AV35: 能量 | AX35: 能量
B37: 动作 | F37: 射程 | J37: 范围
B38: 其他效果
B42: 攻击方式：
B43: 总DP | D43: 属性 | F43: 技能 | H43: 武器 | J43: 专业 | L43: 其他 | N43: 其他 | P43: 其他 | R43: 其他 | T43: 其他 | V43: 其他 | X43: 其他 | Z43: 其他 | AB43: 其他 | AD43: 其他 | AF43: 其他 | AH43: 其他 | AJ43: 其他 | AL43: 其他 | AN43: 其他 | AP43: 其他 | AR43: 其他 | AT43: 其他 | AV43: 其他 | AX43: 其他
B44: =SUM(D44:AY44) -> 0
B45: 伤害上限 | D45: 属性 | F45: 技能 | H45: 武器 | J45: 其他 | L45: 其他 | N45: 其他 | P45: 其他 | R45: 其他 | T45: 其他 | V45: 其他 | X45: 其他 | Z45: 其他 | AB45: 其他 | AD45: 其他 | AF45: 其他 | AH45: 其他 | AJ45: 其他 | AL45: 其他 | AN45: 其他 | AP45: 其他 | AR45: 其他 | AT45: 其他 | AV45: 其他 | AX45: 其他
B46: =SUM(D46:AY46) -> 0
B47: 附加成功 | D47: 传奇属性 | F47: 技能附加 | H47: 其他 | J47: 其他 | L47: 其他 | N47: 其他 | P47: 其他 | R47: 其他 | T47: 其他 | V47: 其他 | X47: 其他 | Z47: 其他 | AB47: 其他 | AD47: 其他 | AF47: 其他 | AH47: 其他 | AJ47: 其他 | AL47: 其他 | AN47: 其他 | AP47: 其他 | AR47: 其他 | AT47: 其他 | AV47: 其他 | AX47: 其他
B48: =SUM(D48:AY48) -> 0
B49: 攻击特殊属性 | D49: 高速 | F49: 破甲 | H49: 破魔 | J49: 加骰 | L49: 其他关键词 | N49: 其他关键词 | P49: 其他关键词 | R49: 其他关键词 | T49: 其他关键词 | V49: 其他关键词 | X49: 其他关键词 | Z49: 其他关键词 | AB49: 其他关键词 | AD49: 其他关键词 | AF49: 其他关键词 | AH49: 其他关键词 | AJ49: 其他关键词 | AL49: 其他关键词 | AN49: 其他关键词 | AP49: 其他关键词 | AR49: 其他关键词 | AT49: 其他关键词 | AV49: 其他关键词 | AX49: 其他关键词
B51: 消耗 | D51: 意志力 | F51: 能量 | H51: 能量 | J51: 能量 | L51: 能量 | N51: 能量 | P51: 能量 | R51: 能量 | T51: 能量 | V51: 能量 | X51: 能量 | Z51: 能量 | AB51: 能量 | AD51: 能量 | AF51: 能量 | AH51: 能量 | AJ51: 能量 | AL51: 能量 | AN51: 能量 | AP51: 能量 | AR51: 能量 | AT51: 能量 | AV51: 能量 | AX51: 能量
B53: 动作 | F53: 射程 | J53: 范围
B54: 其他效果
B58: 攻击方式：
B59: 总DP | D59: 属性 | F59: 技能 | H59: 武器 | J59: 专业 | L59: 其他 | N59: 其他 | P59: 其他 | R59: 其他 | T59: 其他 | V59: 其他 | X59: 其他 | Z59: 其他 | AB59: 其他 | AD59: 其他 | AF59: 其他 | AH59: 其他 | AJ59: 其他 | AL59: 其他 | AN59: 其他 | AP59: 其他 | AR59: 其他 | AT59: 其他 | AV59: 其他 | AX59: 其他
B60: =SUM(D60:AY60) -> 0
B61: 伤害上限 | D61: 属性 | F61: 技能 | H61: 武器 | J61: 其他 | L61: 其他 | N61: 其他 | P61: 其他 | R61: 其他 | T61: 其他 | V61: 其他 | X61: 其他 | Z61: 其他 | AB61: 其他 | AD61: 其他 | AF61: 其他 | AH61: 其他 | AJ61: 其他 | AL61: 其他 | AN61: 其他 | AP61: 其他 | AR61: 其他 | AT61: 其他 | AV61: 其他 | AX61: 其他
B62: =SUM(D62:AY62) -> 0
B63: 附加成功 | D63: 传奇属性 | F63: 技能附加 | H63: 其他 | J63: 其他 | L63: 其他 | N63: 其他 | P63: 其他 | R63: 其他 | T63: 其他 | V63: 其他 | X63: 其他 | Z63: 其他 | AB63: 其他 | AD63: 其他 | AF63: 其他 | AH63: 其他 | AJ63: 其他 | AL63: 其他 | AN63: 其他 | AP63: 其他 | AR63: 其他 | AT63: 其他 | AV63: 其他 | AX63: 其他
B64: =SUM(D64:AY64) -> 0
B65: 攻击特殊属性 | D65: 高速 | F65: 破甲 | H65: 破魔 | J65: 加骰 | L65: 其他关键词 | N65: 其他关键词 | P65: 其他关键词 | R65: 其他关键词 | T65: 其他关键词 | V65: 其他关键词 | X65: 其他关键词 | Z65: 其他关键词 | AB65: 其他关键词 | AD65: 其他关键词 | AF65: 其他关键词 | AH65: 其他关键词 | AJ65: 其他关键词 | AL65: 其他关键词 | AN65: 其他关键词 | AP65: 其他关键词 | AR65: 其他关键词 | AT65: 其他关键词 | AV65: 其他关键词 | AX65: 其他关键词
B67: 消耗 | D67: 意志力 | F67: 能量 | H67: 能量 | J67: 能量 | L67: 能量 | N67: 能量 | P67: 能量 | R67: 能量 | T67: 能量 | V67: 能量 | X67: 能量 | Z67: 能量 | AB67: 能量 | AD67: 能量 | AF67: 能量 | AH67: 能量 | AJ67: 能量 | AL67: 能量 | AN67: 能量 | AP67: 能量 | AR67: 能量 | AT67: 能量 | AV67: 能量 | AX67: 能量
B69: 动作 | F69: 射程 | J69: 范围
B70: 其他效果
B74: 攻击方式：
B75: 总DP | D75: 属性 | F75: 技能 | H75: 武器 | J75: 专业 | L75: 其他 | N75: 其他 | P75: 其他 | R75: 其他 | T75: 其他 | V75: 其他 | X75: 其他 | Z75: 其他 | AB75: 其他 | AD75: 其他 | AF75: 其他 | AH75: 其他 | AJ75: 其他 | AL75: 其他 | AN75: 其他 | AP75: 其他 | AR75: 其他 | AT75: 其他 | AV75: 其他 | AX75: 其他
B76: =SUM(D76:AY76) -> 0
B77: 伤害上限 | D77: 属性 | F77: 技能 | H77: 武器 | J77: 其他 | L77: 其他 | N77: 其他 | P77: 其他 | R77: 其他 | T77: 其他 | V77: 其他 | X77: 其他 | Z77: 其他 | AB77: 其他 | AD77: 其他 | AF77: 其他 | AH77: 其他 | AJ77: 其他 | AL77: 其他 | AN77: 其他 | AP77: 其他 | AR77: 其他 | AT77: 其他 | AV77: 其他 | AX77: 其他
B78: =SUM(D78:AY78) -> 0
B79: 附加成功 | D79: 传奇属性 | F79: 技能附加 | H79: 其他 | J79: 其他 | L79: 其他 | N79: 其他 | P79: 其他 | R79: 其他 | T79: 其他 | V79: 其他 | X79: 其他 | Z79: 其他 | AB79: 其他 | AD79: 其他 | AF79: 其他 | AH79: 其他 | AJ79: 其他 | AL79: 其他 | AN79: 其他 | AP79: 其他 | AR79: 其他 | AT79: 其他 | AV79: 其他 | AX79: 其他
B80: =SUM(D80:AY80) -> 0
B81: 攻击特殊属性 | D81: 高速 | F81: 破甲 | H81: 破魔 | J81: 加骰 | L81: 其他关键词 | N81: 其他关键词 | P81: 其他关键词 | R81: 其他关键词 | T81: 其他关键词 | V81: 其他关键词 | X81: 其他关键词 | Z81: 其他关键词 | AB81: 其他关键词 | AD81: 其他关键词 | AF81: 其他关键词 | AH81: 其他关键词 | AJ81: 其他关键词 | AL81: 其他关键词 | AN81: 其他关键词 | AP81: 其他关键词 | AR81: 其他关键词 | AT81: 其他关键词 | AV81: 其他关键词 | AX81: 其他关键词
B83: 消耗 | D83: 意志力 | F83: 能量 | H83: 能量 | J83: 能量 | L83: 能量 | N83: 能量 | P83: 能量 | R83: 能量 | T83: 能量 | V83: 能量 | X83: 能量 | Z83: 能量 | AB83: 能量 | AD83: 能量 | AF83: 能量 | AH83: 能量 | AJ83: 能量 | AL83: 能量 | AN83: 能量 | AP83: 能量 | AR83: 能量 | AT83: 能量 | AV83: 能量 | AX83: 能量
B85: 动作 | F85: 射程 | J85: 范围
B86: 其他效果
B90: 攻击方式：
B91: 总DP | D91: 属性 | F91: 技能 | H91: 武器 | J91: 专业 | L91: 其他 | N91: 其他 | P91: 其他 | R91: 其他 | T91: 其他 | V91: 其他 | X91: 其他 | Z91: 其他 | AB91: 其他 | AD91: 其他 | AF91: 其他 | AH91: 其他 | AJ91: 其他 | AL91: 其他 | AN91: 其他 | AP91: 其他 | AR91: 其他 | AT91: 其他 | AV91: 其他 | AX91: 其他
B92: =SUM(D92:AY92) -> 0
B93: 伤害上限 | D93: 属性 | F93: 技能 | H93: 武器 | J93: 其他 | L93: 其他 | N93: 其他 | P93: 其他 | R93: 其他 | T93: 其他 | V93: 其他 | X93: 其他 | Z93: 其他 | AB93: 其他 | AD93: 其他 | AF93: 其他 | AH93: 其他 | AJ93: 其他 | AL93: 其他 | AN93: 其他 | AP93: 其他 | AR93: 其他 | AT93: 其他 | AV93: 其他 | AX93: 其他
B94: =SUM(D94:AY94) -> 0
B95: 附加成功 | D95: 传奇属性 | F95: 技能附加 | H95: 其他 | J95: 其他 | L95: 其他 | N95: 其他 | P95: 其他 | R95: 其他 | T95: 其他 | V95: 其他 | X95: 其他 | Z95: 其他 | AB95: 其他 | AD95: 其他 | AF95: 其他 | AH95: 其他 | AJ95: 其他 | AL95: 其他 | AN95: 其他 | AP95: 其他 | AR95: 其他 | AT95: 其他 | AV95: 其他 | AX95: 其他
B96: =SUM(D96:AY96) -> 0
B97: 攻击特殊属性 | D97: 高速 | F97: 破甲 | H97: 破魔 | J97: 加骰 | L97: 其他关键词 | N97: 其他关键词 | P97: 其他关键词 | R97: 其他关键词 | T97: 其他关键词 | V97: 其他关键词 | X97: 其他关键词 | Z97: 其他关键词 | AB97: 其他关键词 | AD97: 其他关键词 | AF97: 其他关键词 | AH97: 其他关键词 | AJ97: 其他关键词 | AL97: 其他关键词 | AN97: 其他关键词 | AP97: 其他关键词 | AR97: 其他关键词 | AT97: 其他关键词 | AV97: 其他关键词 | AX97: 其他关键词
B99: 消耗 | D99: 意志力 | F99: 能量 | H99: 能量 | J99: 能量 | L99: 能量 | N99: 能量 | P99: 能量 | R99: 能量 | T99: 能量 | V99: 能量 | X99: 能量 | Z99: 能量 | AB99: 能量 | AD99: 能量 | AF99: 能量 | AH99: 能量 | AJ99: 能量 | AL99: 能量 | AN99: 能量 | AP99: 能量 | AR99: 能量 | AT99: 能量 | AV99: 能量 | AX99: 能量
B101: 动作 | F101: 射程 | J101: 范围
B102: 其他效果

Sheet 常用检定
B2: 常用检定
B3: 心灵检定 | D3: 总值 | F3: 决心 | H3: 沉着 | J3: 其他 | L3: 其他 | N3: 其他 | P3: 其他 | R3: 其他 | T3: 黑客入侵检定 | V3: 总值 | X3: 智力 | Z3: 电脑 | AB3: 专业 | AD3: 其他 | AF3: 其他 | AH3: 其他 | AJ3: 其他
D4: =SUM(F4:S4) -> 7 | F4: =人物卡!G21 -> 4 | H4: =人物卡!G24 -> 3 | V4: =SUM(X4:AK4) -> 4 | X4: =人物卡!G19 -> 4 | Z4: =人物卡!H46 -> 0
D5: 总附加成功 | F5: 传奇决心 | H5: 传奇沉着 | J5: 其他 | L5: 其他 | N5: 其他 | P5: 其他 | R5: 其他 | V5: 总附加成功 | X5: 传奇智力 | Z5: 电脑附加 | AB5: 其他 | AD5: 其他 | AF5: 其他 | AH5: 其他 | AJ5: 其他
D6: =SUM(F6:S6) -> 0 | F6: =人物卡!I21 -> 0 | H6: =人物卡!I24 -> 0 | V6: =SUM(X6:AK6) -> 0 | X6: =人物卡!I19 -> 0 | Z6: =人物卡!J46 -> 0
B7: 侦查检定 | D7: 总值 | F7: 感知 | H7: 调查 | J7: 专业 | L7: 其他 | N7: 其他 | P7: 其他 | R7: 其他 | T7: 急救检定 | V7: 总值 | X7: 敏捷 | Z7: 医学 | AB7: 专业 | AD7: 其他 | AF7: 其他 | AH7: 其他 | AJ7: 其他
D8: =SUM(F8:S8) -> 5 | F8: =人物卡!G20 -> 5 | H8: =人物卡!H48 -> 0 | V8: =SUM(X8:AK8) -> 3 | X8: =人物卡!G17 -> 3 | Z8: =人物卡!H50 -> 0
D9: 总附加成功 | F9: 传奇感知 | H9: 调查附加 | J9: 其他 | L9: 其他 | N9: 其他 | P9: 其他 | R9: 其他 | V9: 总附加成功 | X9: 传奇敏捷 | Z9: 医学附加 | AB9: 其他 | AD9: 其他 | AF9: 其他 | AH9: 其他 | AJ9: 其他
D10: =SUM(F10:S10) -> 0 | F10: =人物卡!I20 -> 0 | H10: =人物卡!J48 -> 0 | V10: =SUM(X10:AK10) -> 0 | X10: =人物卡!I17 -> 0 | Z10: =人物卡!J50 -> 0
B11: 搜索检定 | D11: 总值 | F11: 智力 | H11: 调查 | J11: 专业 | L11: 其他 | N11: 其他 | P11: 其他 | R11: 其他 | T11: 诊断检定 | V11: 总值 | X11: 智力 | Z11: 医学 | AB11: 专业 | AD11: 其他 | AF11: 其他 | AH11: 其他 | AJ11: 其他
D12: =SUM(F12:S12) -> 4 | F12: =人物卡!G19 -> 4 | H12: =人物卡!H48 -> 0 | V12: =SUM(X12:AK12) -> 4 | X12: =人物卡!G19 -> 4 | Z12: =人物卡!H50 -> 0
D13: 总附加成功 | F13: 传奇智力 | H13: 调查附加 | J13: 其他 | L13: 其他 | N13: 其他 | P13: 其他 | R13: 其他 | V13: 总附加成功 | X13: 传奇智力 | Z13: 医学附加 | AB13: 其他 | AD13: 其他 | AF13: 其他 | AH13: 其他 | AJ13: 其他
D14: =SUM(F14:S14) -> 0 | F14: =人物卡!I19 -> 0 | H14: =人物卡!J48 -> 0 | V14: =SUM(X14:AK14) -> 0 | X14: =人物卡!I19 -> 0 | Z14: =人物卡!J50 -> 0
B15: 聆听检定 | D15: 总值 | F15: 感知 | H15: 调查 | J15: 专业 | L15: 其他 | N15: 其他 | P15: 其他 | R15: 其他 | T15: 治疗检定 | V15: 总值 | X15: 智力 | Z15: 医学 | AB15: 专业 | AD15: 其他 | AF15: 其他 | AH15: 其他 | AJ15: 其他
D16: =SUM(F16:S16) -> 5 | F16: =人物卡!G20 -> 5 | H16: =人物卡!H48 -> 0 | V16: =SUM(X16:AK16) -> 4 | X16: =人物卡!G19 -> 4 | Z16: =人物卡!H50 -> 0
D17: 总附加成功 | F17: 传奇感知 | H17: 调查附加 | J17: 其他 | L17: 其他 | N17: 其他 | P17: 其他 | R17: 其他 | V17: 总附加成功 | X17: 传奇智力 | Z17: 医学附加 | AB17: 其他 | AD17: 其他 | AF17: 其他 | AH17: 其他 | AJ17: 其他
D18: =SUM(F18:S18) -> 0 | F18: =人物卡!I20 -> 0 | H18: =人物卡!J48 -> 0 | V18: =SUM(X18:AK18) -> 0 | X18: =人物卡!I19 -> 0 | Z18: =人物卡!J50 -> 0
B19: 躲藏检定 | D19: 总值 | F19: 敏捷 | H19: 隐藏 | J19: 专业 | L19: 其他 | N19: 其他 | P19: 其他 | R19: 其他 | T19: 法术辨识检定 | V19: 总值 | X19: 智力 | Z19: 神秘学 | AB19: 专业 | AD19: 其他 | AF19: 其他 | AH19: 其他 | AJ19: 其他
D20: =SUM(F20:S20) -> 4 | F20: =人物卡!G17 -> 3 | H20: =人物卡!H38 -> 1 | V20: =SUM(X20:AK20) -> 8 | X20: =人物卡!G19 -> 4 | Z20: =人物卡!H52 -> 4
D21: 总附加成功 | F21: 传奇敏捷 | H21: 隐藏附加 | J21: 其他 | L21: 其他 | N21: 其他 | P21: 其他 | R21: 其他 | V21: 总附加成功 | X21: 传奇智力 | Z21: 神秘学附加 | AB21: 其他 | AD21: 其他 | AF21: 其他 | AH21: 其他 | AJ21: 其他
D22: =SUM(F22:S22) -> 0 | F22: =人物卡!I17 -> 0 | H22: =人物卡!J38 -> 0 | V22: =SUM(X22:AK22) -> 0 | X22: =人物卡!I19 -> 0 | Z22: =人物卡!J52 -> 0
B23: 闯越检定 | D23: 总值 | F23: 力量/敏捷 | H23: 运动 | J23: 专业 | L23: 其他 | N23: 其他 | P23: 其他 | R23: 其他 | T23: 威吓检定 | V23: 总值 | X23: 操控 | Z23: 胁迫 | AB23: 专业 | AD23: 其他 | AF23: 其他 | AH23: 其他 | AJ23: 其他
D24: =SUM(F24:S24) -> 5 | F24: =MAX(人物卡!G16,人物卡!G17) -> 3 | H24: =人物卡!H28 -> 2 | V24: =SUM(X24:AK24) -> 2 | X24: =人物卡!G23 -> 2 | Z24: =人物卡!H64 -> 0
D25: 总附加成功 | F25: 传奇力量/敏捷 | H25: 运动附加 | J25: 其他 | L25: 其他 | N25: 其他 | P25: 其他 | R25: 其他 | V25: 总附加成功 | X25: 传奇操控 | Z25: 胁迫附加 | AB25: 其他 | AD25: 其他 | AF25: 其他 | AH25: 其他 | AJ25: 其他
D26: =SUM(F26:S26) -> 0 | F26: =MAX(人物卡!I16,人物卡!I17) -> 0 | H26: =人物卡!J28 -> 0 | V26: =SUM(X26:AK26) -> 0 | X26: =人物卡!I23 -> 0 | Z26: =人物卡!J64 -> 0
B27: 平衡感检定 | D27: 总值 | F27: 敏捷 | H27: 运动 | J27: 专业 | L27: 其他 | N27: 其他 | P27: 其他 | R27: 其他 | T27: 说服检定 | V27: 总值 | X27: 操控 | Z27: 交际 | AB27: 专业 | AD27: 其他 | AF27: 其他 | AH27: 其他 | AJ27: 其他
D28: =SUM(F28:S28) -> 5 | F28: =人物卡!G17 -> 3 | H28: =人物卡!H28 -> 2 | V28: =SUM(X28:AK28) -> 4 | X28: =人物卡!G23 -> 2 | Z28: =人物卡!H66 -> 2
D29: 总附加成功 | F29: 传奇敏捷 | H29: 运动附加 | J29: 其他 | L29: 其他 | N29: 其他 | P29: 其他 | R29: 其他 | V29: 总附加成功 | X29: 传奇操控 | Z29: 交际附加 | AB29: 其他 | AD29: 其他 | AF29: 其他 | AH29: 其他 | AJ29: 其他
D30: =SUM(F30:S30) -> 0 | F30: =人物卡!I17 -> 0 | H30: =人物卡!J28 -> 0 | V30: =SUM(X30:AK30) -> 0 | X30: =人物卡!I23 -> 0 | Z30: =人物卡!J66 -> 0
B31: 追踪检定 | D31: 总值 | F31: 感知 | H31: 求生 | J31: 专业 | L31: 其他 | N31: 其他 | P31: 其他 | R31: 其他 | T31: 唬骗检定 | V31: 总值 | X31: 操控 | Z31: 掩饰 | AB31: 专业 | AD31: 其他 | AF31: 其他 | AH31: 其他 | AJ31: 其他
D32: =SUM(F32:S32) -> 5 | F32: =人物卡!G20 -> 5 | H32: =人物卡!H40 -> 0 | V32: =SUM(X32:AK32) -> 2 | X32: =人物卡!G23 -> 2 | Z32: =人物卡!H68 -> 0
D33: 总附加成功 | F33: 传奇感知 | H33: 求生附加 | J33: 其他 | L33: 其他 | N33: 其他 | P33: 其他 | R33: 其他 | V33: 总附加成功 | X33: 传奇操控 | Z33: 掩饰附加 | AB33: 其他 | AD33: 其他 | AF33: 其他 | AH33: 其他 | AJ33: 其他
D34: =SUM(F34:S34) -> 0 | F34: =人物卡!I20 -> 0 | H34: =人物卡!J40 -> 0 | V34: =SUM(X34:AK34) -> 0 | X34: =人物卡!I23 -> 0 | Z34: =人物卡!J68 -> 0
B35: 文件解读检定 | D35: 总值 | F35: 智力 | H35: 学识 | J35: 专业 | L35: 其他 | N35: 其他 | P35: 其他 | R35: 其他 | T35: 易容检定 | V35: 总值 | X35: 智力/操控 | Z35: 掩饰 | AB35: 专业 | AD35: 其他 | AF35: 其他 | AH35: 其他 | AJ35: 其他
D36: =SUM(F36:S36) -> 5 | F36: =人物卡!G19 -> 4 | H36: =人物卡!H44 -> 1 | V36: =SUM(X36:AK36) -> 4 | X36: =MAX(人物卡!G19,人物卡!G23) -> 4 | Z36: =人物卡!H72 -> 0
D37: 总附加成功 | F37: 传奇智力 | H37: 学识附加 | J37: 其他 | L37: 其他 | N37: 其他 | P37: 其他 | R37: 其他 | V37: 总附加成功 | X37: 传奇智力/操控 | Z37: 掩饰附加 | AB37: 其他 | AD37: 其他 | AF37: 其他 | AH37: 其他 | AJ37: 其他
D38: =SUM(F38:S38) -> 0 | F38: =人物卡!I19 -> 0 | H38: =人物卡!J44 -> 0 | V38: =SUM(X38:AK38) -> 0 | X38: =MAX(人物卡!I19,人物卡!I23) -> 0 | Z38: =人物卡!J72 -> 0
B39: 怪物知识检定 | D39: 总值 | F39: 智力 | H39: 学识 | J39: 专业 | L39: 其他 | N39: 其他 | P39: 其他 | R39: 其他 | T39: 伪装检定 | V39: 总值 | X39: 智力/操控 | Z39: 掩饰 | AB39: 专业 | AD39: 其他 | AF39: 其他 | AH39: 其他 | AJ39: 其他
D40: =SUM(F40:S40) -> 5 | F40: =人物卡!G19 -> 4 | H40: =人物卡!H44 -> 1 | V40: =SUM(X40:AK40) -> 4 | X40: =MAX(人物卡!G19,人物卡!G23) -> 4 | Z40: =人物卡!H76 -> 0
D41: 总附加成功 | F41: 传奇智力 | H41: 学识附加 | J41: 其他 | L41: 其他 | N41: 其他 | P41: 其他 | R41: 其他 | V41: 总附加成功 | X41: 传奇智力/操控 | Z41: 掩饰附加 | AB41: 其他 | AD41: 其他 | AF41: 其他 | AH41: 其他 | AJ41: 其他
D42: =SUM(F42:S42) -> 0 | F42: =人物卡!I19 -> 0 | H42: =人物卡!J48 -> 0 | V42: =SUM(X42:AK42) -> 0 | X42: =MAX(人物卡!I19,人物卡!I23) -> 0 | Z42: =人物卡!J76 -> 0
B43: 跳跃检定 | D43: 总值 | F43: 力量 | H43: 运动 | J43: 专业 | L43: 其他 | N43: 其他 | P43: 其他 | R43: 其他 | T43: 盗窃检定 | V43: 总值 | X43: 敏捷 | Z43: 手上功夫 | AB43: 专业 | AD43: 其他 | AF43: 其他 | AH43: 其他 | AJ43: 其他
D44: =SUM(F44:S44) -> 4 | F44: =人物卡!G16 -> 2 | H44: =人物卡!H28 -> 2 | V44: =SUM(X44:AK44) -> 3 | X44: =人物卡!G17 -> 3 | Z44: =人物卡!H36 -> 0
D45: 总附加成功 | F45: 传奇力量 | H45: 运动附加 | J45: 其他 | L45: 其他 | N45: 其他 | P45: 其他 | R45: 其他 | V45: 总附加成功 | X45: 传奇敏捷 | Z45: 手上功夫附加 | AB45: 其他 | AD45: 其他 | AF45: 其他 | AH45: 其他 | AJ45: 其他
D46: =SUM(F46:S46) -> 0 | F46: =人物卡!I16 -> 0 | H46: =人物卡!J28 -> 0 | V46: =SUM(X46:AK46) -> 0 | X46: =人物卡!I17 -> 0 | Z46: =人物卡!J36 -> 0
B47: 逃脱检定 | D47: 总值 | F47: 敏捷 | H47: 运动 | J47: 专业 | L47: 其他 | N47: 其他 | P47: 其他 | R47: 其他 | T47: 开锁检定 | V47: 总值 | X47: 智力 | Z47: 手上功夫 | AB47: 专业 | AD47: 其他 | AF47: 其他 | AH47: 其他 | AJ47: 其他
D48: =SUM(F48:S48) -> 5 | F48: =人物卡!G17 -> 3 | H48: =人物卡!H28 -> 2 | V48: =SUM(X48:AK48) -> 4 | X48: =人物卡!G19 -> 4 | Z48: =人物卡!H40 -> 0
D49: 总附加成功 | F49: 传奇敏捷 | H49: 运动附加 | J49: 其他 | L49: 其他 | N49: 其他 | P49: 其他 | R49: 其他 | V49: 总附加成功 | X49: 传奇智力 | Z49: 手上功夫附加 | AB49: 其他 | AD49: 其他 | AF49: 其他 | AH49: 其他 | AJ49: 其他
D50: =SUM(F50:S50) -> 0 | F50: =人物卡!I17 -> 0 | H50: =人物卡!J28 -> 0 | V50: =SUM(X50:AK50) -> 0 | X50: =人物卡!I19 -> 0 | Z50: =人物卡!J40 -> 0
B51: 察言观色检定 | D51: 总值 | F51: 感知 | H51: 感受 | J51: 专业 | L51: 其他 | N51: 其他 | P51: 其他 | R51: 其他 | T51: 其他检定 | V51: 总值 | X51: 属性 | Z51: 技能 | AB51: 专业 | AD51: 其他 | AF51: 其他 | AH51: 其他 | AJ51: 其他
D52: =SUM(F52:S52) -> 7 | F52: =人物卡!G20 -> 5 | H52: =人物卡!H62 -> 2 | V52: =SUM(X52:AK52) -> 0
D53: 总附加成功 | F53: 传奇感知 | H53: 感受附加 | J53: 其他 | L53: 其他 | N53: 其他 | P53: 其他 | R53: 其他 | V53: 总附加成功 | X53: 传奇属性 | Z53: 技能附加 | AB53: 其他 | AD53: 其他 | AF53: 其他 | AH53: 其他 | AJ53: 其他
D54: =SUM(F54:S54) -> 0 | F54: =人物卡!I20 -> 0 | H54: =人物卡!J62 -> 0 | V54: =SUM(X54:AK54) -> 0
B55: 其他检定 | D55: 总值 | F55: 属性 | H55: 技能 | J55: 专业 | L55: 其他 | N55: 其他 | P55: 其他 | R55: 其他 | T55: 其他检定 | V55: 总值 | X55: 属性 | Z55: 技能 | AB55: 专业 | AD55: 其他 | AF55: 其他 | AH55: 其他 | AJ55: 其他
D56: =SUM(F56:S56) -> 0 | V56: =SUM(X56:AK56) -> 0
D57: 总附加成功 | F57: 传奇属性 | H57: 技能附加 | J57: 其他 | L57: 其他 | N57: 其他 | P57: 其他 | R57: 其他 | V57: 总附加成功 | X57: 传奇属性 | Z57: 技能附加 | AB57: 其他 | AD57: 其他 | AF57: 其他 | AH57: 其他 | AJ57: 其他
D58: =SUM(F58:S58) -> 0 | V58: =SUM(X58:AK58) -> 0
B59: 其他检定 | D59: 总值 | F59: 属性 | H59: 技能 | J59: 专业 | L59: 其他 | N59: 其他 | P59: 其他 | R59: 其他 | T59: 其他检定 | V59: 总值 | X59: 属性 | Z59: 技能 | AB59: 专业 | AD59: 其他 | AF59: 其他 | AH59: 其他 | AJ59: 其他
D60: =SUM(F60:S60) -> 0 | V60: =SUM(X60:AK60) -> 0
D61: 总附加成功 | F61: 传奇属性 | H61: 技能附加 | J61: 其他 | L61: 其他 | N61: 其他 | P61: 其他 | R61: 其他 | V61: 总附加成功 | X61: 传奇属性 | Z61: 技能附加 | AB61: 其他 | AD61: 其他 | AF61: 其他 | AH61: 其他 | AJ61: 其他
D62: =SUM(F62:S62) -> 0 | V62: =SUM(X62:AK62) -> 0

Sheet 装备位
B2: 装备位 | D2: 装备名 | G2: 装备效果 | W2: 重量/公斤 | Z2: 总重量/公斤
B3: 左手 | Z3: =SUM(W3:X92) -> 0
B6: 右手
B9: 头盔
B12: 项链
B15: 披风
B18: 盔甲
B21: 护腕/护臂
B24: 手套
B27: 腰带
B30: 鞋
B33: 戒指
B36: 戒指
B39: 饰品/护符
... B90: 其他

Sheet 购买记录
B2: 资源 | D2: 支线数（转化为D级支线数量） | J2: 分数 | N2: 经验数 | R2: 资源介绍
B3: 已获得 | D3: 2 | J3: 1650 | N3: 19 | R3: 五雷咒价格：D+500上清雷法第一层：练气 价格：D+600 上清雷法第二层：筑基 价格：12XP 掌心雷500 9 营养珠25 净水珠25
B5: 剩余 | D5: =D3-D7 -> 0 | J5: =J3-J7 -> 0 | N5: =N3-N7 -> -5
B7: 已使用 | D7: 2 | J7: 1650 | N7: 24

Sheet 成长记录
B2: 团名称/事件名 | F2: 支线数（转化为D级支线数量） | L2: 分数 | P2: 经验 | T2: 经历
B3: 总收入 | F3: =SUM(F7:K402) -> 0 | L3: =SUM(L7:O402) -> 0 | P3: =SUM(P7:S402)+天赋、缺陷和怪癖!D19 -> 6

Sheet 主动技能与书签整备
B2: 主动技能 | O2: 书签
D3: 技能名： | F3: 掌心雷 | O3: 资源名 | Q3: 是否携带 | S3: 支线数（转化为D级支线数量） | Y3: 分数 | AC3: 资源介绍
B4: 关键字：【雷】 专业：道术 威力值：2 价格：500 动作：标准动作 能耗：1 成分：语言，姿势 射程：20米 目标：一个目标 范围：无 持续：立即 描述：掌心雷攻击声音很大，相当于雷声的程度，这意味着方圆百里范围内所有具备听力的目标都会听到你的攻击。 效果：你以道术施法检定进行一次远程攻击，该次远程攻击的武器伤害为本道术的道术威力值，造成雷电严重伤害。 研发：你可以花费9XP进行研发，研发后获得以下效果： 本道术能耗变为1点，威力值提升为2点，之后本道术可以如常升阶。 然后你的本次攻击获得2点附加成功，射程改为20米。 | O4: 储存资源 | AC4: 左边填上你储存的资源总量，不包括购买书页的花费，储存的资源和买书页的花费仍需要写到购买记录中
O6: 剩余资源 | S6: =S4-S8 -> 0 | Y6: =Y4-Y8 -> 0
O8: 已使用 | S8: =SUMIF(Q:R,"是",S:X) -> 0 | Y8: =SUMIF(Q:R,"是",Y:AB) -> 0
Q10: 否
Q13: 否
Q16: 否
Q19: 否
D22: 技能名： | Q22: 否
B23: 五雷咒 关键字：【雷】 专业：道术 威力值：2 价格：D+500 动作：标准动作 能耗：1点道力 成分：姿势，语言，材料 射程：触及 目标：一个目标 范围：无 持续：立即 效果：你对目标造成15点雷电严重伤害，目标强韧豁免。
Q25: 否
Q28: 否
Q31: 否
Q34: 否
Q37: 否
Q40: 否
D41: 技能名：
Q43: 否
Q46: 否
Q49: 否
Q52: 否
Q55: 否
Q58: 否
D60: 技能名：
Q61: 否
Q64: 否
Q67: 否
Q70: 否
Q73: 否
Q76: 否
D79: 技能名： | Q79: 否
Q82: 否
Q85: 否
Q88: 否
Q91: 否
Q94: 否
Q97: 否
D98: 技能名：
Q100: 否
Q103: 否
Q106: 否
Q109: 否
Q112: 否
Q115: 否
D117: 技能名：
Q118: 否
Q121: 否
Q124: 否
Q127: 否
Q130: 否
Q133: 否
D136: 技能名： | Q136: 否
Q139: 否
Q142: 否
Q145: 否
Q148: 否
Q151: 否
Q154: 否
D155: 技能名：
Q157: 否
D174: 技能名：
D193: 技能名：
D212: 技能名：
D231: 技能名：
D250: 技能名：
D269: 技能名：
D288: 技能名：
D307: 技能名：
D326: 技能名：
D345: 技能名：
D364: 技能名：

Sheet 天赋、缺陷和怪癖
B2: 怪癖段
B3: 怪癖名称 | D3: 怪癖内容 | W3: 抹除记录
B4: 口头禅 | D4: 口头禅 +2 XP 删除 战斗每轮1D10，出1则浪费迅捷动作。 | Z4: 备注：当你抹除一个怪癖时，不应删除其相关记录（尤其是怪癖名称），而是在抹除记录处写上任意文字，因此消耗的XP也无需在购买记录中再次记录
B13: 上瘾 | D13: 上瘾速度快，发作周期减半，禁断症状豁免-6DP。
B16: 爱出风头 | D16: 唬骗/易容/躲藏-3DP，战斗中总是第一个站出来
B19: 总XP | D19: =COUNTA(B4:C18)*2-COUNTA(W4:X18)*4 -> 6
B23: 缺陷 | Z23: 核算
B24: 缺陷名称 | D24: 缺陷点数 | F24: 缺陷内容 | Z24: 缺陷点数 | AC24: =SUM(D25:E54) -> 0
B25: 空气朋友 | F25: 所有人对你互动获2DP完美加值
Z27: 天赋点数 | AC27: =SUM(D58:E87) -> 0
B28: 养啥死啥 | F28: 非人宠物必死。
Z30: 结余 | AC30: =AC24-2*AC27 -> 0
B31: 音痴 | F31: 歌唱/演奏自动失败
B34: 好奇心 | F34: 不去探索未知则全检定-2DP。
B37: 机械白痴 | F37: 使用科技物品D10判故障。
B56: 天赋
B57: 天赋名称 | D57: 天赋点数 | F57: 天赋内容
B58: 夜视 | F58: 获得黑暗视觉。
B61: 幸运 | F61: 检定双判取高 (次数限制)
B64: 快速康复 | F64: 自然恢复速度翻倍。
B67: 灵感 | F67: 直觉检定+5附加，首次免投
B70: 战斗反射 | F70: 措手不及仍可用反射动作。
